Time (h),A1,A2,A3,A4,A5,A6,A7,A8,A9,A10,A11,A12,B1,B2,B3,B4,B5,B6,B7,B8,B9,B10,B11,B12,C1,C2,C3,C4,C5,C6,C7,C8,C9,C10,C11,C12,D1,D2,D3,D4,D5,D6,D7,D8,D9,D10,D11,D12,E1,E2,E3,E4,E5,E6,E7,E8,E9,E10,E11,E12,F1,F2,F3,F4,F5,F6,F7,F8,F9,F10,F11,F12,G1,G2,G3,G4,G5,G6,G7,G8,G9,G10,G11,G12,H1,H2,H3,H4,H5,H6,H7,H8,H9,H10,H11,H12
0.0,0.359,0.286,0.136,0.106,0.325,0.327,0.13,0.104,0.355,0.323,0.052,0.056,0.201,0.193,0.093,0.077,0.176,0.187,0.091,0.077,0.191,0.205,0.053,0.052,0.133,0.122,0.077,0.065,0.124,0.122,0.074,0.068,0.126,0.121,0.056,0.05,0.091,0.089,0.065,0.059,0.087,0.086,0.063,0.056,0.085,0.086,0.055,0.05,0.069,0.076,0.056,0.055,0.075,0.07,0.058,0.058,0.07,0.071,0.051,0.05,0.067,0.059,0.055,0.056,0.06,0.058,0.055,0.056,0.058,0.059,0.052,0.053,0.06,0.058,0.053,0.057,0.056,0.054,0.054,0.051,0.056,0.055,0.049,0.05,0.053,0.052,0.053,0.054,0.056,0.054,0.05,0.055,0.052,0.053,0.053,0.056
0.5,0.334,0.286,0.159,0.123,0.335,0.335,0.142,0.111,0.334,0.329,0.051,0.056,0.202,0.191,0.107,0.084,0.19,0.192,0.1,0.082,0.192,0.18,0.053,0.052,0.132,0.124,0.083,0.069,0.123,0.12,0.076,0.07,0.13,0.127,0.056,0.05,0.09,0.087,0.067,0.06,0.085,0.086,0.065,0.056,0.083,0.088,0.055,0.049,0.074,0.075,0.058,0.056,0.076,0.069,0.058,0.059,0.069,0.071,0.051,0.05,0.068,0.059,0.056,0.056,0.06,0.059,0.055,0.057,0.058,0.059,0.052,0.053,0.06,0.059,0.054,0.058,0.056,0.055,0.054,0.051,0.055,0.055,0.049,0.05,0.054,0.053,0.054,0.055,0.056,0.055,0.051,0.055,0.052,0.053,0.052,0.057
1.0,0.313,0.311,0.174,0.142,0.347,0.334,0.168,0.126,0.361,0.356,0.051,0.056,0.216,0.206,0.124,0.096,0.207,0.207,0.114,0.089,0.213,0.202,0.053,0.052,0.141,0.132,0.096,0.075,0.135,0.133,0.08,0.063,0.141,0.14,0.056,0.05,0.092,0.092,0.073,0.064,0.089,0.09,0.064,0.055,0.088,0.091,0.054,0.049,0.076,0.077,0.06,0.057,0.079,0.071,0.059,0.058,0.071,0.072,0.051,0.05,0.069,0.06,0.057,0.057,0.061,0.06,0.056,0.057,0.058,0.06,0.052,0.053,0.061,0.059,0.054,0.058,0.057,0.055,0.054,0.051,0.055,0.054,0.049,0.05,0.053,0.053,0.054,0.055,0.056,0.054,0.05,0.055,0.052,0.053,0.052,0.056
1.5,0.348,0.341,0.205,0.173,0.395,0.4,0.199,0.141,0.42,0.407,0.051,0.056,0.242,0.224,0.144,0.112,0.23,0.237,0.132,0.102,0.24,0.229,0.053,0.052,0.15,0.142,0.115,0.084,0.152,0.153,0.099,0.072,0.162,0.159,0.056,0.05,0.099,0.098,0.08,0.069,0.099,0.101,0.073,0.062,0.1,0.1,0.054,0.049,0.078,0.08,0.065,0.06,0.082,0.076,0.062,0.059,0.075,0.076,0.051,0.05,0.07,0.061,0.059,0.059,0.062,0.062,0.057,0.057,0.059,0.059,0.052,0.053,0.061,0.059,0.056,0.058,0.058,0.056,0.055,0.052,0.057,0.055,0.049,0.05,0.054,0.053,0.055,0.055,0.056,0.055,0.051,0.055,0.053,0.053,0.052,0.056
2.0,0.405,0.396,0.263,0.198,0.456,0.457,0.235,0.167,0.475,0.461,0.051,0.056,0.264,0.244,0.176,0.129,0.269,0.272,0.154,0.117,0.272,0.282,0.053,0.052,0.166,0.154,0.128,0.099,0.173,0.177,0.112,0.078,0.191,0.191,0.056,0.05,0.107,0.101,0.093,0.077,0.11,0.113,0.08,0.064,0.112,0.112,0.055,0.049,0.083,0.085,0.075,0.065,0.09,0.084,0.065,0.063,0.084,0.08,0.051,0.05,0.072,0.063,0.063,0.061,0.065,0.065,0.06,0.059,0.062,0.059,0.052,0.053,0.062,0.06,0.058,0.059,0.059,0.058,0.056,0.052,0.058,0.055,0.049,0.05,0.055,0.054,0.056,0.056,0.057,0.056,0.052,0.056,0.053,0.054,0.052,0.056
2.5,0.501,0.474,0.328,0.251,0.52,0.504,0.259,0.179,0.519,0.521,0.051,0.056,0.312,0.272,0.226,0.157,0.325,0.331,0.176,0.13,0.313,0.316,0.052,0.052,0.183,0.167,0.153,0.114,0.21,0.215,0.129,0.091,0.213,0.202,0.056,0.05,0.115,0.108,0.112,0.093,0.124,0.131,0.089,0.072,0.128,0.129,0.054,0.049,0.087,0.087,0.089,0.072,0.1,0.089,0.072,0.069,0.093,0.091,0.051,0.05,0.072,0.063,0.067,0.064,0.07,0.069,0.064,0.06,0.069,0.065,0.051,0.053,0.063,0.061,0.061,0.061,0.062,0.06,0.058,0.054,0.06,0.059,0.049,0.049,0.056,0.054,0.057,0.056,0.058,0.057,0.053,0.056,0.054,0.056,0.052,0.056
3.0,0.547,0.53,0.396,0.297,0.592,0.586,0.288,0.209,0.601,0.608,0.051,0.056,0.349,0.314,0.277,0.204,0.381,0.357,0.193,0.15,0.365,0.366,0.053,0.052,0.206,0.188,0.206,0.143,0.236,0.246,0.146,0.113,0.255,0.24,0.056,0.05,0.124,0.115,0.132,0.105,0.149,0.152,0.1,0.075,0.155,0.154,0.054,0.049,0.091,0.092,0.106,0.084,0.114,0.096,0.086,0.074,0.11,0.105,0.051,0.05,0.074,0.065,0.079,0.069,0.076,0.078,0.068,0.064,0.077,0.074,0.052,0.053,0.064,0.062,0.065,0.065,0.064,0.064,0.061,0.054,0.063,0.061,0.049,0.049,0.056,0.055,0.06,0.058,0.059,0.059,0.055,0.057,0.055,0.058,0.052,0.056
3.5,0.641,0.597,0.431,0.356,0.645,0.647,0.303,0.225,0.67,0.672,0.051,0.056,0.397,0.356,0.329,0.261,0.428,0.409,0.219,0.168,0.42,0.427,0.053,0.052,0.234,0.218,0.265,0.178,0.282,0.302,0.169,0.144,0.298,0.28,0.056,0.05,0.136,0.128,0.163,0.119,0.166,0.176,0.121,0.088,0.176,0.182,0.054,0.049,0.091,0.099,0.126,0.093,0.124,0.122,0.093,0.081,0.126,0.126,0.051,0.05,0.077,0.066,0.093,0.076,0.082,0.086,0.078,0.067,0.085,0.087,0.052,0.053,0.066,0.063,0.073,0.07,0.069,0.069,0.066,0.057,0.067,0.068,0.049,0.05,0.057,0.055,0.065,0.06,0.061,0.061,0.057,0.058,0.058,0.06,0.052,0.056
4.0,0.678,0.648,0.476,0.39,0.684,0.687,0.33,0.253,0.719,0.727,0.051,0.056,0.45,0.406,0.392,0.308,0.495,0.479,0.249,0.191,0.497,0.507,0.052,0.052,0.271,0.256,0.316,0.224,0.34,0.337,0.2,0.18,0.337,0.328,0.056,0.05,0.149,0.144,0.212,0.153,0.219,0.222,0.138,0.108,0.217,0.213,0.054,0.049,0.096,0.107,0.153,0.114,0.145,0.121,0.108,0.089,0.147,0.137,0.051,0.05,0.079,0.068,0.112,0.085,0.096,0.088,0.089,0.076,0.095,0.102,0.052,0.052,0.067,0.064,0.086,0.08,0.074,0.075,0.069,0.059,0.076,0.074,0.048,0.049,0.058,0.056,0.073,0.064,0.065,0.064,0.06,0.06,0.059,0.064,0.052,0.056
4.5,0.721,0.689,0.498,0.425,0.723,0.713,0.348,0.269,0.758,0.762,0.051,0.056,0.503,0.46,0.419,0.361,0.553,0.551,0.283,0.216,0.562,0.545,0.052,0.052,0.277,0.288,0.367,0.27,0.381,0.381,0.225,0.192,0.392,0.402,0.056,0.05,0.176,0.164,0.269,0.196,0.239,0.242,0.164,0.123,0.264,0.252,0.054,0.049,0.108,0.118,0.201,0.137,0.164,0.163,0.123,0.105,0.168,0.152,0.051,0.05,0.083,0.07,0.131,0.097,0.107,0.101,0.099,0.082,0.107,0.114,0.051,0.053,0.069,0.065,0.101,0.086,0.083,0.082,0.077,0.064,0.082,0.081,0.049,0.049,0.059,0.057,0.084,0.07,0.068,0.069,0.064,0.063,0.064,0.068,0.052,0.056
5.0,0.732,0.725,0.491,0.442,0.763,0.746,0.332,0.281,0.784,0.793,0.051,0.056,0.548,0.512,0.437,0.415,0.601,0.597,0.297,0.235,0.607,0.601,0.053,0.052,0.343,0.303,0.406,0.321,0.438,0.429,0.254,0.2,0.455,0.472,0.056,0.05,0.206,0.202,0.318,0.257,0.264,0.262,0.187,0.148,0.266,0.271,0.055,0.049,0.131,0.123,0.248,0.179,0.201,0.192,0.141,0.118,0.199,0.194,0.051,0.05,0.092,0.074,0.17,0.129,0.129,0.113,0.11,0.091,0.123,0.128,0.052,0.053,0.073,0.069,0.122,0.095,0.095,0.086,0.088,0.071,0.088,0.085,0.049,0.05,0.06,0.059,0.104,0.076,0.074,0.073,0.072,0.065,0.07,0.072,0.052,0.056
5.5,0.759,0.756,0.48,0.47,0.795,0.778,0.358,0.3,0.808,0.811,0.051,0.056,0.6,0.547,0.429,0.427,0.648,0.629,0.307,0.245,0.645,0.647,0.052,0.052,0.385,0.35,0.421,0.362,0.464,0.471,0.257,0.215,0.515,0.495,0.056,0.05,0.232,0.22,0.352,0.308,0.296,0.329,0.205,0.173,0.3,0.301,0.054,0.049,0.146,0.135,0.29,0.229,0.221,0.203,0.163,0.137,0.24,0.218,0.051,0.05,0.101,0.079,0.221,0.155,0.134,0.138,0.129,0.107,0.147,0.142,0.052,0.053,0.073,0.072,0.157,0.12,0.099,0.092,0.106,0.081,0.096,0.093,0.049,0.049,0.061,0.06,0.125,0.085,0.08,0.077,0.083,0.069,0.069,0.075,0.052,0.056
6.0,0.791,0.772,0.501,0.448,0.816,0.805,0.37,0.308,0.835,0.833,0.051,0.056,0.625,0.585,0.439,0.438,0.669,0.662,0.318,0.267,0.669,0.671,0.052,0.052,0.43,0.409,0.448,0.388,0.51,0.528,0.279,0.234,0.565,0.552,0.056,0.05,0.261,0.263,0.416,0.342,0.359,0.36,0.215,0.196,0.363,0.373,0.054,0.049,0.178,0.17,0.35,0.272,0.254,0.229,0.187,0.154,0.269,0.252,0.051,0.05,0.113,0.088,0.272,0.201,0.161,0.169,0.148,0.118,0.171,0.172,0.052,0.053,0.081,0.073,0.198,0.148,0.11,0.109,0.125,0.09,0.108,0.104,0.049,0.049,0.061,0.061,0.157,0.097,0.082,0.08,0.095,0.079,0.077,0.077,0.052,0.056
6.5,0.78,0.785,0.483,0.446,0.825,0.826,0.365,0.31,0.848,0.846,0.051,0.056,0.654,0.627,0.446,0.42,0.684,0.684,0.32,0.278,0.708,0.702,0.053,0.052,0.449,0.455,0.445,0.384,0.566,0.566,0.287,0.245,0.612,0.582,0.056,0.05,0.26,0.279,0.426,0.371,0.405,0.382,0.227,0.206,0.41,0.423,0.054,0.049,0.193,0.187,0.378,0.307,0.272,0.239,0.227,0.18,0.278,0.261,0.051,0.05,0.126,0.099,0.316,0.239,0.191,0.19,0.167,0.137,0.199,0.191,0.052,0.053,0.088,0.08,0.239,0.186,0.128,0.119,0.148,0.104,0.125,0.126,0.049,0.05,0.067,0.064,0.196,0.12,0.089,0.083,0.114,0.091,0.086,0.089,0.052,0.056
7.0,0.822,0.795,0.477,0.432,0.85,0.845,0.345,0.31,0.859,0.86,0.051,0.056,0.677,0.64,0.453,0.451,0.72,0.713,0.322,0.281,0.723,0.73,0.052,0.052,0.481,0.46,0.446,0.417,0.586,0.601,0.291,0.265,0.638,0.636,0.056,0.05,0.32,0.309,0.436,0.369,0.432,0.435,0.239,0.221,0.465,0.48,0.054,0.049,0.222,0.215,0.41,0.343,0.298,0.268,0.263,0.191,0.303,0.304,0.051,0.05,0.138,0.112,0.352,0.294,0.204,0.225,0.183,0.158,0.223,0.209,0.052,0.053,0.096,0.084,0.287,0.23,0.145,0.139,0.174,0.119,0.145,0.143,0.049,0.049,0.07,0.067,0.239,0.147,0.093,0.093,0.131,0.102,0.09,0.094,0.052,0.056
7.5,0.841,0.812,0.48,0.435,0.866,0.859,0.358,0.294,0.896,0.881,0.051,0.056,0.696,0.658,0.47,0.431,0.761,0.729,0.316,0.286,0.757,0.744,0.053,0.052,0.513,0.512,0.436,0.395,0.628,0.628,0.292,0.27,0.667,0.656,0.056,0.05,0.337,0.335,0.432,0.395,0.47,0.467,0.241,0.234,0.486,0.511,0.055,0.049,0.234,0.234,0.423,0.354,0.334,0.307,0.273,0.206,0.35,0.335,0.051,0.05,0.166,0.126,0.389,0.323,0.234,0.237,0.195,0.169,0.235,0.227,0.052,0.053,0.105,0.094,0.316,0.287,0.162,0.153,0.197,0.141,0.165,0.159,0.049,0.05,0.076,0.071,0.285,0.182,0.105,0.104,0.15,0.115,0.105,0.11,0.052,0.056
8.0,0.852,0.821,0.461,0.427,0.879,0.868,0.359,0.308,0.909,0.893,0.051,0.056,0.713,0.682,0.46,0.431,0.776,0.754,0.313,0.285,0.773,0.766,0.053,0.052,0.544,0.532,0.433,0.404,0.663,0.664,0.286,0.27,0.692,0.675,0.056,0.05,0.364,0.358,0.417,0.397,0.509,0.495,0.253,0.241,0.528,0.538,0.054,0.049,0.268,0.256,0.419,0.377,0.397,0.355,0.265,0.214,0.4,0.375,0.051,0.05,0.186,0.145,0.421,0.345,0.248,0.241,0.212,0.174,0.253,0.248,0.052,0.053,0.12,0.103,0.35,0.337,0.157,0.173,0.22,0.162,0.184,0.186,0.049,0.049,0.08,0.074,0.31,0.222,0.119,0.117,0.165,0.136,0.12,0.12,0.052,0.056
8.5,0.847,0.842,0.457,0.454,0.883,0.883,0.361,0.298,0.93,0.904,0.051,0.056,0.718,0.708,0.428,0.42,0.79,0.769,0.308,0.283,0.79,0.783,0.053,0.052,0.57,0.571,0.412,0.402,0.692,0.697,0.281,0.265,0.714,0.71,0.056,0.05,0.407,0.388,0.424,0.384,0.549,0.53,0.242,0.239,0.56,0.575,0.054,0.049,0.307,0.292,0.413,0.378,0.421,0.392,0.261,0.231,0.442,0.425,0.051,0.05,0.212,0.16,0.448,0.361,0.256,0.283,0.215,0.186,0.269,0.255,0.052,0.053,0.135,0.122,0.358,0.371,0.196,0.194,0.239,0.177,0.21,0.2,0.049,0.05,0.088,0.081,0.343,0.272,0.133,0.131,0.175,0.153,0.145,0.143,0.052,0.056
9.0,0.878,0.844,0.458,0.423,0.913,0.893,0.348,0.316,0.945,0.927,0.051,0.056,0.734,0.716,0.429,0.406,0.805,0.792,0.302,0.278,0.808,0.802,0.052,0.052,0.605,0.587,0.408,0.401,0.72,0.717,0.282,0.273,0.735,0.725,0.056,0.05,0.44,0.431,0.407,0.382,0.572,0.561,0.237,0.24,0.579,0.596,0.054,0.049,0.325,0.327,0.401,0.382,0.453,0.428,0.255,0.233,0.469,0.461,0.051,0.05,0.242,0.193,0.444,0.374,0.302,0.306,0.219,0.204,0.312,0.28,0.052,0.053,0.152,0.13,0.368,0.392,0.21,0.221,0.245,0.201,0.221,0.227,0.049,0.049,0.1,0.091,0.361,0.303,0.154,0.15,0.19,0.172,0.166,0.159,0.052,0.056
9.5,0.884,0.84,0.467,0.406,0.918,0.914,0.351,0.302,0.946,0.929,0.051,0.056,0.747,0.731,0.432,0.393,0.816,0.802,0.301,0.278,0.823,0.814,0.052,0.052,0.612,0.621,0.389,0.4,0.743,0.741,0.274,0.265,0.756,0.744,0.056,0.05,0.464,0.462,0.403,0.383,0.595,0.593,0.24,0.235,0.602,0.624,0.054,0.049,0.356,0.351,0.402,0.375,0.479,0.446,0.247,0.221,0.509,0.491,0.051,0.05,0.266,0.209,0.429,0.376,0.331,0.343,0.223,0.21,0.353,0.33,0.052,0.053,0.184,0.162,0.375,0.403,0.225,0.223,0.238,0.199,0.242,0.235,0.049,0.049,0.11,0.102,0.37,0.328,0.177,0.172,0.196,0.187,0.188,0.18,0.052,0.056
10.0,0.854,0.847,0.451,0.421,0.922,0.921,0.385,0.31,0.947,0.928,0.051,0.056,0.75,0.742,0.425,0.387,0.824,0.817,0.276,0.259,0.84,0.826,0.052,0.052,0.644,0.634,0.381,0.405,0.764,0.753,0.272,0.265,0.779,0.761,0.056,0.05,0.489,0.479,0.39,0.382,0.616,0.601,0.239,0.23,0.624,0.633,0.054,0.049,0.388,0.373,0.395,0.376,0.508,0.472,0.239,0.229,0.53,0.519,0.051,0.05,0.287,0.233,0.427,0.375,0.371,0.368,0.223,0.203,0.389,0.363,0.052,0.053,0.204,0.173,0.383,0.381,0.233,0.233,0.235,0.2,0.257,0.249,0.049,0.049,0.126,0.116,0.38,0.337,0.194,0.189,0.208,0.2,0.205,0.193,0.052,0.056
10.5,0.883,0.873,0.453,0.419,0.934,0.925,0.358,0.32,0.967,0.942,0.051,0.056,0.769,0.778,0.418,0.405,0.838,0.832,0.289,0.278,0.845,0.832,0.052,0.052,0.649,0.647,0.37,0.396,0.785,0.762,0.275,0.247,0.796,0.778,0.056,0.05,0.523,0.509,0.385,0.371,0.636,0.63,0.226,0.221,0.643,0.657,0.054,0.049,0.415,0.411,0.382,0.362,0.536,0.513,0.234,0.226,0.556,0.551,0.051,0.05,0.309,0.256,0.42,0.375,0.399,0.401,0.222,0.211,0.425,0.402,0.052,0.052,0.222,0.201,0.383,0.403,0.261,0.234,0.223,0.2,0.274,0.273,0.049,0.049,0.145,0.131,0.369,0.349,0.206,0.192,0.22,0.208,0.219,0.214,0.052,0.056
11.0,0.889,0.865,0.45,0.416,0.937,0.931,0.359,0.324,0.974,0.972,0.051,0.056,0.758,0.755,0.453,0.421,0.85,0.833,0.263,0.263,0.862,0.845,0.053,0.052,0.67,0.666,0.36,0.404,0.801,0.78,0.275,0.264,0.808,0.793,0.056,0.05,0.545,0.537,0.371,0.366,0.651,0.646,0.23,0.219,0.664,0.683,0.054,0.049,0.45,0.442,0.372,0.347,0.556,0.544,0.23,0.221,0.578,0.562,0.051,0.05,0.346,0.282,0.404,0.373,0.431,0.421,0.216,0.209,0.451,0.429,0.052,0.053,0.255,0.223,0.383,0.393,0.287,0.282,0.224,0.201,0.316,0.298,0.049,0.049,0.173,0.154,0.357,0.36,0.224,0.22,0.222,0.213,0.235,0.225,0.052,0.056
11.5,0.875,0.875,0.452,0.428,0.938,0.94,0.37,0.317,0.973,0.975,0.051,0.056,0.776,0.766,0.426,0.426,0.855,0.844,0.275,0.257,0.87,0.852,0.052,0.052,0.681,0.681,0.369,0.385,0.802,0.786,0.25,0.256,0.819,0.801,0.056,0.05,0.575,0.557,0.357,0.364,0.67,0.661,0.221,0.222,0.68,0.697,0.054,0.049,0.472,0.456,0.354,0.348,0.581,0.568,0.224,0.219,0.598,0.589,0.051,0.05,0.366,0.312,0.391,0.367,0.451,0.458,0.216,0.204,0.483,0.451,0.052,0.052,0.274,0.242,0.364,0.379,0.309,0.318,0.218,0.206,0.346,0.329,0.049,0.049,0.195,0.184,0.368,0.355,0.229,0.227,0.217,0.216,0.243,0.238,0.052,0.056
12.0,0.891,0.892,0.452,0.43,0.974,0.971,0.369,0.331,0.986,0.995,0.051,0.056,0.797,0.783,0.411,0.41,0.863,0.842,0.273,0.26,0.872,0.856,0.053,0.052,0.691,0.687,0.381,0.39,0.815,0.795,0.248,0.249,0.829,0.817,0.056,0.05,0.571,0.579,0.346,0.369,0.683,0.679,0.224,0.217,0.698,0.715,0.054,0.049,0.497,0.484,0.346,0.338,0.603,0.581,0.214,0.208,0.61,0.611,0.051,0.05,0.404,0.348,0.382,0.359,0.472,0.476,0.207,0.201,0.51,0.472,0.052,0.053,0.299,0.269,0.36,0.37,0.345,0.352,0.207,0.196,0.377,0.365,0.049,0.049,0.216,0.208,0.371,0.35,0.237,0.221,0.224,0.216,0.253,0.248,0.052,0.056
12.5,0.902,0.888,0.449,0.434,0.95,0.959,0.363,0.365,1.016,0.968,0.051,0.056,0.792,0.799,0.418,0.416,0.891,0.842,0.276,0.241,0.878,0.865,0.053,0.052,0.693,0.723,0.372,0.389,0.825,0.804,0.245,0.241,0.838,0.824,0.056,0.05,0.592,0.595,0.352,0.369,0.693,0.686,0.204,0.211,0.714,0.723,0.054,0.049,0.515,0.5,0.327,0.331,0.612,0.595,0.219,0.214,0.632,0.625,0.051,0.05,0.415,0.354,0.369,0.352,0.478,0.505,0.21,0.194,0.514,0.499,0.052,0.053,0.32,0.292,0.356,0.35,0.378,0.364,0.213,0.203,0.412,0.399,0.049,0.049,0.242,0.233,0.373,0.35,0.257,0.256,0.22,0.207,0.271,0.256,0.052,0.056
13.0,0.896,0.891,0.456,0.394,0.968,0.956,0.371,0.33,0.992,0.995,0.051,0.056,0.802,0.78,0.431,0.411,0.889,0.849,0.283,0.243,0.891,0.879,0.053,0.052,0.715,0.703,0.37,0.399,0.83,0.806,0.245,0.252,0.846,0.831,0.056,0.05,0.614,0.61,0.351,0.378,0.711,0.699,0.204,0.216,0.729,0.734,0.055,0.049,0.533,0.512,0.321,0.318,0.632,0.612,0.208,0.21,0.653,0.638,0.051,0.05,0.44,0.377,0.353,0.339,0.498,0.515,0.195,0.199,0.539,0.518,0.052,0.053,0.346,0.32,0.344,0.343,0.399,0.396,0.2,0.205,0.431,0.42,0.049,0.049,0.262,0.255,0.367,0.344,0.281,0.269,0.218,0.205,0.299,0.288,0.052,0.056
13.5,0.896,0.893,0.458,0.41,0.984,0.997,0.38,0.359,1.028,1.012,0.051,0.056,0.805,0.808,0.433,0.405,0.882,0.854,0.287,0.239,0.899,0.893,0.052,0.052,0.706,0.703,0.377,0.409,0.838,0.812,0.243,0.244,0.852,0.839,0.056,0.05,0.636,0.619,0.354,0.369,0.724,0.705,0.199,0.205,0.735,0.743,0.054,0.049,0.544,0.542,0.324,0.312,0.643,0.627,0.209,0.196,0.67,0.655,0.051,0.05,0.457,0.404,0.344,0.326,0.522,0.536,0.194,0.196,0.563,0.545,0.052,0.053,0.37,0.341,0.331,0.336,0.42,0.409,0.199,0.192,0.463,0.445,0.049,0.049,0.284,0.274,0.355,0.342,0.293,0.312,0.212,0.2,0.325,0.318,0.052,0.056
14.0,0.898,0.897,0.463,0.399,0.982,0.979,0.39,0.35,1.01,1.005,0.051,0.056,0.809,0.806,0.43,0.401,0.889,0.885,0.281,0.246,0.892,0.883,0.053,0.052,0.723,0.725,0.38,0.394,0.841,0.823,0.247,0.239,0.857,0.847,0.056,0.05,0.636,0.639,0.351,0.373,0.728,0.719,0.185,0.203,0.748,0.746,0.055,0.049,0.561,0.551,0.324,0.3,0.662,0.64,0.206,0.186,0.68,0.668,0.051,0.05,0.49,0.41,0.34,0.317,0.539,0.543,0.182,0.178,0.577,0.557,0.052,0.052,0.389,0.359,0.322,0.319,0.453,0.424,0.202,0.196,0.48,0.473,0.049,0.05,0.308,0.296,0.347,0.33,0.339,0.33,0.212,0.193,0.359,0.347,0.052,0.056
14.5,0.902,0.908,0.462,0.387,0.994,0.979,0.36,0.342,1.03,1.012,0.051,0.056,0.818,0.81,0.438,0.399,0.887,0.866,0.284,0.245,0.892,0.901,0.052,0.052,0.718,0.724,0.39,0.389,0.843,0.828,0.245,0.234,0.859,0.848,0.056,0.05,0.634,0.635,0.348,0.364,0.734,0.721,0.193,0.209,0.753,0.755,0.054,0.049,0.58,0.574,0.331,0.302,0.67,0.654,0.176,0.203,0.692,0.678,0.051,0.05,0.503,0.436,0.329,0.309,0.555,0.566,0.195,0.195,0.596,0.576,0.052,0.053,0.404,0.367,0.306,0.309,0.472,0.442,0.207,0.196,0.509,0.491,0.049,0.049,0.333,0.319,0.339,0.325,0.365,0.366,0.205,0.198,0.376,0.363,0.052,0.056
15.0,0.919,0.893,0.473,0.384,0.995,0.998,0.366,0.346,1.038,1.035,0.051,0.056,0.818,0.813,0.455,0.407,0.908,0.87,0.292,0.254,0.904,0.891,0.053,0.052,0.745,0.721,0.401,0.391,0.854,0.833,0.248,0.239,0.873,0.864,0.056,0.05,0.642,0.639,0.35,0.359,0.742,0.729,0.182,0.204,0.763,0.765,0.054,0.049,0.582,0.577,0.342,0.304,0.684,0.665,0.2,0.199,0.706,0.691,0.051,0.05,0.517,0.465,0.324,0.307,0.572,0.575,0.179,0.18,0.618,0.589,0.052,0.053,0.423,0.399,0.295,0.298,0.488,0.464,0.195,0.186,0.525,0.513,0.049,0.049,0.351,0.34,0.318,0.307,0.384,0.388,0.2,0.191,0.408,0.398,0.052,0.056
15.5,0.919,0.905,0.48,0.388,1.003,1.006,0.377,0.341,1.036,1.023,0.051,0.056,0.824,0.82,0.464,0.408,0.895,0.88,0.291,0.254,0.919,0.907,0.052,0.052,0.725,0.743,0.414,0.393,0.868,0.862,0.248,0.231,0.877,0.867,0.056,0.05,0.639,0.652,0.355,0.354,0.751,0.738,0.18,0.201,0.764,0.776,0.054,0.049,0.598,0.594,0.343,0.308,0.694,0.676,0.191,0.191,0.715,0.698,0.051,0.05,0.541,0.47,0.327,0.303,0.588,0.594,0.192,0.178,0.63,0.608,0.052,0.052,0.442,0.413,0.283,0.284,0.499,0.485,0.192,0.193,0.547,0.535,0.049,0.049,0.369,0.353,0.309,0.297,0.412,0.411,0.2,0.192,0.433,0.425,0.052,0.056
16.0,0.9,0.916,0.49,0.382,1.005,1.028,0.366,0.349,1.047,1.032,0.051,0.056,0.805,0.808,0.464,0.405,0.904,0.888,0.307,0.256,0.918,0.911,0.053,0.052,0.733,0.735,0.426,0.385,0.864,0.844,0.252,0.235,0.877,0.864,0.056,0.05,0.665,0.659,0.37,0.357,0.763,0.736,0.18,0.208,0.773,0.784,0.055,0.049,0.607,0.602,0.341,0.311,0.705,0.686,0.191,0.19,0.724,0.71,0.051,0.05,0.561,0.496,0.337,0.306,0.598,0.601,0.183,0.173,0.636,0.616,0.052,0.053,0.463,0.434,0.281,0.273,0.508,0.498,0.189,0.182,0.562,0.553,0.049,0.049,0.386,0.377,0.301,0.279,0.428,0.436,0.199,0.185,0.454,0.449,0.052,0.056
16.5,0.897,0.896,0.497,0.389,1.012,1.019,0.359,0.341,1.054,1.033,0.051,0.056,0.813,0.825,0.465,0.434,0.914,0.891,0.306,0.26,0.928,0.911,0.053,0.052,0.749,0.73,0.437,0.408,0.865,0.846,0.255,0.234,0.888,0.867,0.056,0.05,0.656,0.659,0.387,0.366,0.763,0.741,0.181,0.207,0.778,0.784,0.055,0.049,0.614,0.612,0.346,0.308,0.71,0.693,0.194,0.189,0.732,0.716,0.051,0.05,0.561,0.505,0.333,0.305,0.61,0.615,0.173,0.179,0.648,0.634,0.052,0.053,0.47,0.443,0.288,0.262,0.53,0.506,0.176,0.186,0.571,0.567,0.049,0.049,0.4,0.39,0.284,0.262,0.448,0.461,0.196,0.187,0.476,0.475,0.052,0.056
17.0,0.893,0.915,0.497,0.393,1.019,1.024,0.356,0.361,1.06,1.036,0.051,0.056,0.822,0.808,0.471,0.441,0.914,0.9,0.295,0.254,0.937,0.922,0.053,0.052,0.736,0.759,0.447,0.402,0.871,0.857,0.255,0.237,0.885,0.863,0.056,0.05,0.679,0.662,0.388,0.362,0.766,0.75,0.179,0.195,0.785,0.786,0.055,0.049,0.618,0.614,0.361,0.316,0.722,0.696,0.193,0.175,0.738,0.72,0.051,0.05,0.576,0.519,0.337,0.311,0.622,0.627,0.174,0.171,0.658,0.645,0.052,0.053,0.492,0.467,0.284,0.253,0.547,0.519,0.179,0.184,0.588,0.581,0.049,0.049,0.415,0.408,0.27,0.247,0.473,0.479,0.187,0.184,0.499,0.496,0.052,0.056
17.5,0.894,0.881,0.491,0.413,1.028,1.021,0.355,0.33,1.054,1.038,0.051,0.056,0.807,0.816,0.493,0.441,0.923,0.91,0.291,0.269,0.929,0.923,0.053,0.052,0.735,0.752,0.446,0.409,0.882,0.859,0.257,0.236,0.889,0.87,0.056,0.05,0.657,0.666,0.403,0.363,0.768,0.749,0.183,0.176,0.79,0.8,0.054,0.049,0.614,0.62,0.379,0.327,0.726,0.703,0.188,0.181,0.742,0.728,0.051,0.05,0.582,0.531,0.351,0.308,0.63,0.64,0.173,0.16,0.665,0.651,0.052,0.052,0.507,0.478,0.295,0.257,0.559,0.533,0.18,0.178,0.595,0.59,0.049,0.049,0.435,0.429,0.259,0.25,0.487,0.496,0.18,0.179,0.52,0.516,0.052,0.056
18.0,0.881,0.889,0.479,0.407,1.025,1.022,0.353,0.336,1.049,1.039,0.051,0.056,0.817,0.811,0.49,0.451,0.924,0.901,0.281,0.281,0.94,0.941,0.053,0.052,0.744,0.744,0.454,0.412,0.883,0.865,0.267,0.233,0.897,0.872,0.056,0.05,0.686,0.666,0.416,0.376,0.775,0.752,0.183,0.195,0.793,0.804,0.054,0.049,0.619,0.619,0.384,0.341,0.731,0.708,0.181,0.184,0.745,0.734,0.051,0.05,0.586,0.54,0.369,0.318,0.636,0.642,0.162,0.154,0.673,0.661,0.052,0.052,0.513,0.491,0.3,0.261,0.571,0.555,0.172,0.175,0.605,0.601,0.049,0.05,0.451,0.445,0.251,0.253,0.501,0.514,0.189,0.172,0.532,0.524,0.052,0.056
18.5,0.88,0.882,0.478,0.413,1.023,1.024,0.348,0.336,1.055,1.041,0.051,0.056,0.806,0.823,0.48,0.437,0.933,0.913,0.287,0.261,0.947,0.928,0.053,0.052,0.736,0.736,0.465,0.433,0.908,0.862,0.277,0.242,0.892,0.876,0.056,0.05,0.655,0.674,0.427,0.399,0.775,0.76,0.183,0.177,0.792,0.796,0.054,0.049,0.617,0.621,0.397,0.35,0.737,0.717,0.197,0.183,0.75,0.739,0.051,0.05,0.59,0.543,0.382,0.338,0.644,0.651,0.158,0.153,0.679,0.667,0.053,0.052,0.516,0.507,0.31,0.273,0.582,0.564,0.176,0.177,0.628,0.618,0.049,0.049,0.471,0.457,0.253,0.259,0.521,0.529,0.182,0.175,0.553,0.547,0.052,0.056
19.0,0.886,0.889,0.473,0.422,1.027,1.027,0.35,0.342,1.054,1.043,0.051,0.056,0.799,0.828,0.503,0.441,0.939,0.926,0.281,0.256,0.96,0.933,0.053,0.052,0.741,0.746,0.475,0.441,0.898,0.868,0.265,0.241,0.903,0.875,0.056,0.05,0.662,0.676,0.43,0.403,0.77,0.757,0.187,0.177,0.793,0.798,0.054,0.049,0.622,0.63,0.408,0.366,0.738,0.718,0.191,0.174,0.753,0.746,0.051,0.05,0.588,0.55,0.393,0.351,0.645,0.655,0.158,0.156,0.691,0.674,0.053,0.052,0.531,0.513,0.328,0.28,0.593,0.577,0.179,0.169,0.637,0.63,0.049,0.05,0.485,0.477,0.266,0.271,0.535,0.542,0.171,0.184,0.566,0.558,0.052,0.056
19.5,0.886,0.872,0.471,0.43,1.028,1.028,0.351,0.333,1.059,1.049,0.051,0.056,0.813,0.8,0.488,0.43,0.947,0.931,0.295,0.263,0.964,0.934,0.052,0.052,0.731,0.748,0.485,0.443,0.9,0.864,0.267,0.239,0.909,0.875,0.056,0.05,0.674,0.672,0.446,0.405,0.787,0.772,0.189,0.191,0.805,0.808,0.054,0.049,0.622,0.625,0.41,0.388,0.743,0.713,0.198,0.172,0.761,0.743,0.051,0.05,0.587,0.548,0.402,0.37,0.657,0.666,0.161,0.153,0.699,0.683,0.053,0.053,0.539,0.519,0.35,0.29,0.601,0.585,0.179,0.157,0.645,0.643,0.049,0.049,0.504,0.489,0.286,0.286,0.544,0.56,0.167,0.168,0.585,0.573,0.052,0.056
20.0,0.883,0.859,0.467,0.434,1.028,1.028,0.35,0.335,1.059,1.052,0.051,0.056,0.797,0.816,0.477,0.433,0.952,0.929,0.288,0.273,0.959,0.944,0.052,0.052,0.744,0.754,0.486,0.42,0.907,0.886,0.261,0.258,0.903,0.886,0.056,0.05,0.665,0.664,0.443,0.425,0.777,0.768,0.201,0.175,0.809,0.811,0.054,0.049,0.63,0.632,0.42,0.395,0.747,0.718,0.195,0.176,0.762,0.75,0.051,0.05,0.589,0.555,0.41,0.376,0.664,0.673,0.163,0.156,0.706,0.689,0.053,0.052,0.542,0.525,0.37,0.309,0.605,0.591,0.182,0.154,0.656,0.652,0.049,0.049,0.523,0.507,0.309,0.301,0.554,0.567,0.161,0.161,0.594,0.588,0.052,0.056
20.5,0.879,0.874,0.464,0.432,1.029,1.03,0.35,0.333,1.058,1.041,0.051,0.056,0.797,0.793,0.466,0.438,0.955,0.932,0.283,0.26,0.959,0.944,0.052,0.052,0.743,0.752,0.48,0.428,0.898,0.868,0.259,0.251,0.902,0.891,0.056,0.05,0.651,0.66,0.447,0.411,0.776,0.768,0.208,0.17,0.804,0.814,0.054,0.049,0.625,0.628,0.424,0.405,0.751,0.726,0.201,0.185,0.771,0.749,0.051,0.05,0.597,0.552,0.418,0.388,0.675,0.682,0.163,0.153,0.712,0.696,0.053,0.053,0.548,0.528,0.379,0.328,0.611,0.602,0.185,0.156,0.663,0.655,0.049,0.049,0.529,0.521,0.329,0.323,0.566,0.58,0.161,0.16,0.604,0.597,0.052,0.056
21.0,0.883,0.876,0.471,0.433,1.028,1.031,0.352,0.337,1.054,1.041,0.051,0.056,0.787,0.803,0.462,0.438,0.968,0.946,0.279,0.265,0.962,0.959,0.053,0.052,0.732,0.755,0.506,0.452,0.905,0.869,0.254,0.24,0.914,0.882,0.056,0.05,0.662,0.674,0.445,0.409,0.785,0.774,0.2,0.178,0.794,0.812,0.054,0.049,0.622,0.63,0.436,0.406,0.748,0.726,0.204,0.178,0.773,0.759,0.051,0.05,0.6,0.561,0.423,0.397,0.679,0.683,0.163,0.151,0.718,0.7,0.053,0.052,0.557,0.532,0.39,0.347,0.621,0.609,0.195,0.157,0.673,0.664,0.049,0.049,0.533,0.525,0.347,0.346,0.577,0.593,0.159,0.151,0.615,0.603,0.052,0.056
21.5,0.88,0.864,0.474,0.432,1.023,1.032,0.353,0.337,1.056,1.04,0.051,0.056,0.799,0.785,0.48,0.439,0.96,0.944,0.277,0.256,0.965,0.957,0.053,0.052,0.741,0.736,0.481,0.435,0.911,0.88,0.249,0.25,0.918,0.894,0.056,0.05,0.65,0.696,0.441,0.407,0.78,0.768,0.201,0.181,0.793,0.834,0.054,0.049,0.629,0.625,0.44,0.416,0.747,0.728,0.205,0.179,0.766,0.757,0.051,0.05,0.599,0.56,0.425,0.402,0.681,0.684,0.164,0.157,0.718,0.702,0.053,0.052,0.556,0.54,0.398,0.368,0.628,0.613,0.182,0.15,0.68,0.675,0.049,0.049,0.544,0.533,0.363,0.366,0.586,0.602,0.158,0.162,0.626,0.609,0.052,0.056
22.0,0.877,0.87,0.481,0.438,1.026,1.035,0.355,0.336,1.062,1.038,0.051,0.056,0.805,0.806,0.509,0.437,0.955,0.944,0.277,0.269,0.971,0.955,0.053,0.052,0.727,0.746,0.479,0.423,0.905,0.884,0.247,0.253,0.92,0.892,0.056,0.05,0.659,0.669,0.442,0.409,0.791,0.776,0.199,0.185,0.795,0.814,0.054,0.049,0.631,0.63,0.426,0.422,0.746,0.732,0.202,0.191,0.773,0.757,0.051,0.05,0.595,0.558,0.429,0.411,0.684,0.692,0.17,0.155,0.725,0.706,0.053,0.052,0.556,0.541,0.402,0.378,0.637,0.619,0.183,0.151,0.681,0.68,0.049,0.049,0.556,0.544,0.378,0.373,0.592,0.611,0.156,0.148,0.634,0.617,0.052,0.056
22.5,0.879,0.868,0.485,0.44,1.027,1.027,0.357,0.336,1.061,1.033,0.051,0.056,0.79,0.781,0.515,0.445,0.96,0.944,0.276,0.259,0.966,0.97,0.053,0.052,0.742,0.725,0.476,0.435,0.913,0.889,0.251,0.243,0.917,0.923,0.056,0.05,0.67,0.673,0.435,0.414,0.785,0.779,0.192,0.185,0.806,0.828,0.054,0.049,0.622,0.635,0.434,0.424,0.752,0.741,0.191,0.187,0.772,0.754,0.051,0.05,0.595,0.558,0.436,0.419,0.68,0.69,0.175,0.156,0.729,0.711,0.053,0.052,0.555,0.541,0.41,0.385,0.644,0.625,0.187,0.156,0.693,0.688,0.049,0.049,0.551,0.543,0.393,0.385,0.606,0.621,0.159,0.149,0.639,0.622,0.053,0.056
23.0,0.876,0.872,0.484,0.446,1.026,1.026,0.359,0.334,1.057,1.038,0.051,0.056,0.789,0.8,0.499,0.462,0.963,0.945,0.275,0.259,0.973,0.959,0.053,0.052,0.726,0.753,0.471,0.459,0.912,0.894,0.25,0.251,0.918,0.906,0.056,0.05,0.667,0.673,0.436,0.417,0.793,0.799,0.191,0.185,0.815,0.809,0.054,0.049,0.62,0.626,0.452,0.43,0.757,0.73,0.197,0.197,0.776,0.755,0.051,0.05,0.594,0.557,0.444,0.423,0.685,0.696,0.185,0.163,0.732,0.716,0.053,0.052,0.552,0.54,0.413,0.396,0.645,0.631,0.198,0.16,0.697,0.689,0.049,0.049,0.558,0.554,0.403,0.402,0.608,0.625,0.162,0.145,0.65,0.63,0.052,0.056
23.5,0.875,0.868,0.474,0.454,1.031,1.032,0.361,0.335,1.061,1.038,0.051,0.056,0.787,0.795,0.484,0.484,0.953,0.959,0.274,0.257,0.979,0.95,0.053,0.052,0.745,0.725,0.486,0.452,0.917,0.897,0.248,0.245,0.932,0.913,0.056,0.05,0.665,0.669,0.463,0.407,0.809,0.796,0.188,0.199,0.808,0.819,0.055,0.049,0.617,0.628,0.442,0.438,0.775,0.733,0.2,0.198,0.767,0.757,0.051,0.05,0.59,0.556,0.43,0.432,0.686,0.696,0.181,0.164,0.739,0.712,0.053,0.053,0.555,0.543,0.427,0.409,0.649,0.637,0.198,0.166,0.705,0.698,0.049,0.05,0.557,0.558,0.412,0.41,0.613,0.634,0.161,0.148,0.659,0.644,0.052,0.056
24.0,0.877,0.864,0.471,0.462,1.03,1.039,0.361,0.336,1.057,1.046,0.051,0.056,0.79,0.782,0.472,0.483,0.958,0.955,0.275,0.256,0.988,0.964,0.053,0.052,0.728,0.724,0.484,0.444,0.926,0.904,0.243,0.248,0.932,0.93,0.056,0.05,0.661,0.67,0.453,0.411,0.8,0.787,0.188,0.181,0.809,0.818,0.054,0.049,0.614,0.633,0.421,0.422,0.757,0.733,0.203,0.195,0.763,0.761,0.051,0.05,0.589,0.555,0.444,0.421,0.681,0.693,0.182,0.177,0.728,0.718,0.053,0.052,0.555,0.541,0.424,0.413,0.659,0.641,0.177,0.176,0.709,0.702,0.049,0.049,0.553,0.56,0.422,0.407,0.62,0.643,0.161,0.149,0.664,0.652,0.052,0.056
24.5,0.876,0.865,0.468,0.46,1.036,1.036,0.362,0.336,1.06,1.041,0.051,0.056,0.781,0.79,0.482,0.48,0.957,0.955,0.274,0.253,0.982,0.972,0.053,0.052,0.737,0.74,0.478,0.438,0.921,0.904,0.245,0.244,0.937,0.919,0.056,0.05,0.663,0.663,0.434,0.417,0.803,0.79,0.184,0.187,0.819,0.824,0.054,0.049,0.615,0.626,0.411,0.402,0.768,0.736,0.207,0.203,0.777,0.759,0.051,0.05,0.584,0.556,0.438,0.41,0.687,0.687,0.18,0.158,0.735,0.715,0.053,0.052,0.561,0.543,0.418,0.419,0.661,0.648,0.191,0.17,0.713,0.713,0.049,0.049,0.558,0.562,0.429,0.409,0.626,0.649,0.167,0.154,0.669,0.657,0.052,0.056
25.0,0.875,0.868,0.465,0.459,1.04,1.038,0.365,0.339,1.066,1.045,0.051,0.056,0.777,0.786,0.493,0.466,0.959,0.952,0.275,0.253,0.975,0.97,0.053,0.052,0.722,0.735,0.463,0.44,0.921,0.904,0.243,0.245,0.935,0.913,0.056,0.05,0.665,0.659,0.426,0.413,0.8,0.794,0.182,0.181,0.817,0.824,0.055,0.049,0.612,0.62,0.417,0.39,0.766,0.733,0.198,0.196,0.771,0.761,0.051,0.05,0.59,0.552,0.427,0.421,0.694,0.697,0.167,0.16,0.739,0.711,0.053,0.053,0.556,0.54,0.417,0.406,0.66,0.649,0.188,0.168,0.717,0.712,0.049,0.05,0.559,0.559,0.43,0.417,0.633,0.655,0.166,0.153,0.672,0.664,0.052,0.056
25.5,0.871,0.864,0.465,0.461,1.038,1.039,0.363,0.338,1.067,1.041,0.051,0.056,0.792,0.786,0.489,0.471,0.96,0.949,0.275,0.252,0.971,0.965,0.053,0.052,0.728,0.733,0.459,0.453,0.922,0.907,0.245,0.24,0.95,0.914,0.056,0.05,0.667,0.658,0.423,0.415,0.803,0.795,0.179,0.184,0.819,0.82,0.055,0.049,0.618,0.628,0.406,0.388,0.786,0.737,0.194,0.191,0.777,0.763,0.051,0.05,0.585,0.551,0.423,0.419,0.709,0.707,0.161,0.171,0.729,0.713,0.053,0.053,0.555,0.535,0.427,0.403,0.66,0.657,0.189,0.157,0.716,0.725,0.049,0.049,0.563,0.558,0.435,0.422,0.636,0.654,0.172,0.16,0.678,0.67,0.052,0.056
26.0,0.873,0.873,0.466,0.455,1.038,1.037,0.362,0.338,1.061,1.041,0.051,0.056,0.777,0.789,0.493,0.488,0.962,0.953,0.275,0.253,0.967,0.965,0.052,0.052,0.727,0.722,0.461,0.474,0.925,0.905,0.244,0.241,0.935,0.914,0.056,0.05,0.67,0.661,0.432,0.421,0.809,0.798,0.179,0.179,0.814,0.817,0.054,0.049,0.611,0.623,0.392,0.41,0.769,0.742,0.192,0.188,0.78,0.769,0.051,0.05,0.583,0.551,0.439,0.415,0.702,0.693,0.161,0.173,0.736,0.704,0.053,0.052,0.554,0.534,0.407,0.436,0.659,0.649,0.189,0.155,0.725,0.726,0.049,0.049,0.558,0.553,0.445,0.416,0.636,0.66,0.176,0.165,0.692,0.675,0.052,0.056
26.5,0.875,0.862,0.469,0.453,1.037,1.037,0.363,0.339,1.063,1.041,0.051,0.056,0.779,0.789,0.489,0.49,0.963,0.957,0.275,0.253,0.972,0.962,0.053,0.052,0.721,0.738,0.464,0.473,0.937,0.908,0.242,0.239,0.936,0.916,0.056,0.05,0.662,0.661,0.436,0.414,0.817,0.799,0.178,0.176,0.816,0.821,0.054,0.049,0.607,0.615,0.39,0.416,0.767,0.743,0.19,0.187,0.778,0.771,0.051,0.05,0.587,0.548,0.427,0.417,0.697,0.702,0.161,0.162,0.737,0.712,0.054,0.052,0.552,0.532,0.394,0.427,0.662,0.654,0.195,0.162,0.73,0.726,0.049,0.049,0.556,0.556,0.45,0.397,0.642,0.67,0.17,0.167,0.686,0.684,0.052,0.056
27.0,0.874,0.87,0.472,0.446,1.037,1.04,0.362,0.338,1.063,1.042,0.051,0.056,0.776,0.782,0.486,0.484,0.967,0.956,0.275,0.253,0.974,0.958,0.053,0.052,0.728,0.745,0.459,0.467,0.945,0.915,0.242,0.238,0.929,0.914,0.056,0.05,0.658,0.66,0.448,0.411,0.817,0.807,0.179,0.178,0.814,0.824,0.055,0.049,0.609,0.617,0.389,0.413,0.772,0.745,0.192,0.181,0.78,0.769,0.051,0.05,0.581,0.544,0.416,0.408,0.705,0.696,0.159,0.16,0.736,0.709,0.054,0.052,0.549,0.532,0.403,0.402,0.657,0.651,0.185,0.154,0.727,0.726,0.049,0.049,0.555,0.556,0.451,0.39,0.641,0.67,0.166,0.163,0.691,0.68,0.052,0.056
27.5,0.87,0.87,0.481,0.445,1.039,1.04,0.362,0.339,1.063,1.042,0.051,0.056,0.78,0.785,0.483,0.483,0.968,0.957,0.277,0.253,0.972,0.963,0.053,0.052,0.719,0.738,0.466,0.464,0.931,0.917,0.241,0.237,0.928,0.92,0.056,0.05,0.663,0.669,0.459,0.401,0.809,0.81,0.179,0.176,0.816,0.829,0.054,0.049,0.608,0.619,0.401,0.419,0.776,0.746,0.19,0.181,0.792,0.776,0.051,0.05,0.576,0.543,0.408,0.417,0.712,0.706,0.161,0.16,0.738,0.712,0.054,0.052,0.547,0.527,0.416,0.397,0.656,0.649,0.185,0.154,0.726,0.728,0.049,0.049,0.547,0.553,0.442,0.392,0.64,0.663,0.169,0.162,0.683,0.687,0.052,0.056
28.0,0.871,0.867,0.486,0.444,1.051,1.04,0.362,0.338,1.063,1.04,0.051,0.056,0.783,0.784,0.477,0.48,0.967,0.956,0.273,0.255,0.972,0.97,0.053,0.052,0.72,0.727,0.466,0.468,0.922,0.916,0.242,0.236,0.935,0.917,0.056,0.05,0.67,0.67,0.457,0.405,0.81,0.815,0.179,0.178,0.821,0.833,0.055,0.049,0.603,0.623,0.406,0.421,0.784,0.748,0.19,0.185,0.785,0.772,0.051,0.05,0.576,0.538,0.407,0.45,0.718,0.708,0.156,0.159,0.734,0.715,0.054,0.052,0.545,0.527,0.41,0.399,0.657,0.654,0.182,0.161,0.725,0.731,0.049,0.049,0.551,0.551,0.438,0.407,0.637,0.67,0.158,0.16,0.692,0.69,0.052,0.056
28.5,0.867,0.864,0.494,0.45,1.046,1.046,0.362,0.339,1.065,1.041,0.051,0.056,0.784,0.789,0.469,0.472,0.967,0.959,0.273,0.254,0.983,0.98,0.053,0.052,0.72,0.733,0.467,0.466,0.916,0.923,0.242,0.237,0.951,0.925,0.056,0.05,0.65,0.659,0.451,0.41,0.81,0.803,0.178,0.175,0.82,0.824,0.054,0.049,0.608,0.624,0.416,0.429,0.78,0.754,0.189,0.184,0.785,0.771,0.051,0.05,0.579,0.537,0.4,0.471,0.713,0.711,0.158,0.158,0.726,0.714,0.054,0.052,0.545,0.522,0.426,0.4,0.671,0.651,0.18,0.161,0.722,0.723,0.049,0.049,0.555,0.549,0.457,0.415,0.632,0.668,0.158,0.163,0.695,0.688,0.052,0.056
29.0,0.865,0.867,0.502,0.448,1.046,1.049,0.361,0.34,1.068,1.041,0.051,0.056,0.787,0.787,0.464,0.464,0.969,0.962,0.275,0.254,0.982,0.972,0.053,0.052,0.722,0.728,0.474,0.461,0.918,0.92,0.242,0.237,0.949,0.923,0.056,0.05,0.65,0.655,0.437,0.415,0.814,0.802,0.179,0.175,0.82,0.822,0.054,0.049,0.607,0.621,0.432,0.44,0.772,0.757,0.186,0.18,0.784,0.77,0.051,0.05,0.575,0.537,0.403,0.455,0.715,0.715,0.159,0.157,0.73,0.713,0.054,0.053,0.538,0.518,0.452,0.383,0.67,0.666,0.179,0.157,0.73,0.727,0.049,0.049,0.553,0.548,0.454,0.405,0.632,0.676,0.161,0.163,0.685,0.703,0.052,0.056
29.5,0.863,0.866,0.509,0.448,1.041,1.051,0.361,0.339,1.071,1.042,0.051,0.056,0.784,0.789,0.47,0.464,0.968,0.962,0.275,0.255,0.984,0.972,0.053,0.052,0.719,0.728,0.484,0.456,0.918,0.924,0.242,0.236,0.949,0.923,0.056,0.05,0.648,0.658,0.435,0.415,0.82,0.802,0.178,0.172,0.822,0.816,0.054,0.049,0.612,0.62,0.435,0.437,0.769,0.749,0.185,0.18,0.782,0.771,0.051,0.05,0.575,0.534,0.412,0.441,0.715,0.718,0.158,0.156,0.744,0.72,0.054,0.052,0.538,0.514,0.465,0.394,0.677,0.665,0.177,0.153,0.743,0.724,0.049,0.049,0.549,0.544,0.456,0.401,0.635,0.658,0.161,0.161,0.68,0.687,0.052,0.056
30.0,0.864,0.866,0.512,0.447,1.051,1.05,0.361,0.338,1.074,1.043,0.051,0.056,0.788,0.79,0.482,0.466,0.973,0.967,0.275,0.255,0.986,0.97,0.053,0.052,0.724,0.723,0.479,0.466,0.922,0.923,0.245,0.238,0.949,0.925,0.056,0.05,0.66,0.651,0.437,0.421,0.821,0.803,0.176,0.173,0.829,0.819,0.054,0.049,0.615,0.625,0.431,0.445,0.768,0.749,0.185,0.18,0.784,0.771,0.051,0.05,0.57,0.534,0.411,0.422,0.716,0.714,0.161,0.154,0.734,0.722,0.054,0.052,0.532,0.512,0.462,0.405,0.666,0.668,0.177,0.152,0.739,0.727,0.049,0.049,0.544,0.541,0.438,0.395,0.639,0.686,0.16,0.164,0.683,0.699,0.052,0.056
30.5,0.862,0.869,0.516,0.445,1.046,1.048,0.362,0.34,1.076,1.04,0.051,0.056,0.787,0.788,0.498,0.46,0.975,0.971,0.278,0.256,0.988,0.973,0.053,0.052,0.719,0.727,0.476,0.491,0.92,0.936,0.243,0.242,0.941,0.925,0.056,0.05,0.653,0.658,0.436,0.433,0.826,0.804,0.176,0.172,0.831,0.816,0.054,0.049,0.618,0.619,0.421,0.457,0.767,0.747,0.185,0.175,0.788,0.764,0.051,0.05,0.57,0.535,0.416,0.42,0.714,0.711,0.158,0.152,0.739,0.723,0.054,0.052,0.532,0.508,0.439,0.398,0.673,0.671,0.174,0.151,0.743,0.734,0.049,0.049,0.543,0.539,0.419,0.397,0.641,0.67,0.159,0.161,0.688,0.688,0.052,0.056
31.0,0.859,0.869,0.518,0.439,1.048,1.05,0.362,0.34,1.072,1.04,0.051,0.056,0.789,0.793,0.515,0.46,0.974,0.973,0.275,0.255,0.987,0.975,0.053,0.052,0.718,0.729,0.479,0.51,0.925,0.923,0.244,0.241,0.94,0.928,0.056,0.05,0.652,0.663,0.445,0.439,0.825,0.805,0.176,0.174,0.834,0.814,0.054,0.049,0.62,0.621,0.421,0.454,0.768,0.746,0.187,0.177,0.789,0.764,0.051,0.05,0.571,0.534,0.417,0.43,0.714,0.709,0.158,0.154,0.743,0.721,0.054,0.052,0.534,0.505,0.423,0.394,0.684,0.665,0.174,0.151,0.738,0.746,0.049,0.049,0.545,0.537,0.416,0.394,0.649,0.675,0.158,0.161,0.691,0.683,0.052,0.056
31.5,0.855,0.872,0.523,0.435,1.048,1.047,0.363,0.341,1.072,1.041,0.051,0.056,0.794,0.794,0.525,0.462,0.975,0.971,0.277,0.257,0.991,0.971,0.053,0.052,0.715,0.723,0.485,0.51,0.927,0.923,0.245,0.239,0.94,0.931,0.056,0.05,0.653,0.666,0.447,0.445,0.823,0.812,0.177,0.173,0.837,0.816,0.054,0.049,0.613,0.625,0.413,0.447,0.765,0.735,0.185,0.176,0.778,0.759,0.051,0.05,0.571,0.535,0.422,0.446,0.717,0.709,0.156,0.152,0.745,0.716,0.054,0.052,0.532,0.505,0.41,0.395,0.682,0.682,0.173,0.151,0.736,0.729,0.049,0.049,0.544,0.537,0.408,0.402,0.656,0.669,0.156,0.155,0.702,0.704,0.052,0.056
32.0,0.857,0.871,0.528,0.434,1.05,1.047,0.362,0.34,1.071,1.042,0.051,0.056,0.793,0.791,0.529,0.478,0.976,0.97,0.277,0.258,0.998,0.972,0.053,0.052,0.722,0.725,0.493,0.507,0.925,0.927,0.245,0.239,0.944,0.931,0.056,0.05,0.65,0.666,0.444,0.443,0.824,0.81,0.177,0.173,0.832,0.82,0.055,0.049,0.623,0.619,0.418,0.452,0.762,0.746,0.185,0.176,0.774,0.761,0.051,0.05,0.568,0.534,0.423,0.444,0.714,0.712,0.156,0.151,0.743,0.719,0.054,0.052,0.529,0.505,0.405,0.396,0.687,0.68,0.172,0.149,0.742,0.731,0.049,0.049,0.54,0.531,0.408,0.409,0.649,0.681,0.155,0.154,0.711,0.688,0.052,0.056
32.5,0.857,0.871,0.533,0.434,1.049,1.051,0.363,0.339,1.068,1.04,0.051,0.056,0.79,0.793,0.525,0.499,0.975,0.97,0.276,0.258,0.992,0.971,0.053,0.052,0.72,0.734,0.494,0.497,0.93,0.926,0.244,0.239,0.943,0.933,0.056,0.05,0.649,0.653,0.44,0.447,0.825,0.817,0.177,0.171,0.831,0.815,0.054,0.049,0.626,0.622,0.425,0.443,0.759,0.754,0.183,0.175,0.791,0.766,0.051,0.05,0.568,0.533,0.43,0.429,0.718,0.719,0.154,0.149,0.734,0.719,0.054,0.053,0.528,0.503,0.398,0.402,0.679,0.676,0.174,0.148,0.743,0.734,0.049,0.05,0.542,0.53,0.411,0.422,0.659,0.68,0.155,0.153,0.707,0.696,0.052,0.056
33.0,0.854,0.87,0.536,0.433,1.047,1.049,0.363,0.34,1.068,1.038,0.051,0.056,0.786,0.791,0.522,0.509,0.975,0.968,0.277,0.259,0.993,0.975,0.052,0.052,0.722,0.73,0.499,0.48,0.922,0.926,0.245,0.241,0.945,0.933,0.056,0.05,0.651,0.66,0.439,0.462,0.825,0.818,0.175,0.172,0.831,0.818,0.054,0.049,0.607,0.625,0.427,0.433,0.762,0.751,0.184,0.175,0.779,0.766,0.051,0.05,0.571,0.532,0.427,0.414,0.721,0.708,0.153,0.15,0.735,0.716,0.055,0.053,0.529,0.502,0.408,0.413,0.679,0.675,0.175,0.147,0.74,0.729,0.049,0.049,0.537,0.525,0.413,0.447,0.669,0.686,0.155,0.152,0.709,0.692,0.052,0.056
33.5,0.853,0.87,0.536,0.433,1.047,1.049,0.363,0.34,1.068,1.038,0.051,0.056,0.785,0.791,0.52,0.504,0.975,0.97,0.277,0.258,0.992,0.973,0.052,0.051,0.721,0.73,0.497,0.467,0.927,0.931,0.246,0.24,0.946,0.938,0.056,0.049,0.651,0.664,0.443,0.461,0.826,0.818,0.174,0.172,0.832,0.819,0.054,0.049,0.609,0.622,0.422,0.417,0.76,0.752,0.185,0.177,0.779,0.767,0.051,0.05,0.572,0.532,0.428,0.406,0.705,0.703,0.153,0.149,0.735,0.734,0.054,0.052,0.528,0.501,0.431,0.421,0.679,0.673,0.174,0.149,0.743,0.735,0.049,0.049,0.531,0.52,0.409,0.466,0.661,0.685,0.153,0.153,0.706,0.691,0.052,0.056
34.0,0.849,0.87,0.537,0.436,1.046,1.046,0.363,0.341,1.067,1.036,0.051,0.056,0.787,0.788,0.519,0.497,0.975,0.968,0.277,0.258,0.988,0.975,0.053,0.052,0.715,0.726,0.491,0.472,0.931,0.933,0.247,0.239,0.948,0.937,0.056,0.05,0.649,0.655,0.442,0.455,0.826,0.818,0.174,0.17,0.834,0.82,0.055,0.049,0.624,0.629,0.428,0.413,0.761,0.752,0.184,0.176,0.78,0.763,0.051,0.05,0.572,0.532,0.428,0.41,0.707,0.707,0.154,0.15,0.731,0.715,0.055,0.052,0.528,0.502,0.44,0.422,0.676,0.671,0.174,0.149,0.754,0.73,0.049,0.049,0.529,0.518,0.417,0.48,0.662,0.685,0.152,0.152,0.707,0.7,0.052,0.056
34.5,0.848,0.867,0.539,0.44,1.046,1.047,0.364,0.341,1.069,1.033,0.051,0.056,0.787,0.795,0.516,0.495,0.976,0.973,0.277,0.259,0.988,0.974,0.053,0.052,0.717,0.734,0.49,0.47,0.925,0.931,0.247,0.239,0.95,0.934,0.056,0.05,0.648,0.653,0.439,0.451,0.827,0.818,0.174,0.171,0.832,0.83,0.055,0.049,0.605,0.62,0.433,0.413,0.76,0.754,0.183,0.175,0.786,0.774,0.051,0.05,0.571,0.534,0.431,0.415,0.708,0.704,0.155,0.151,0.73,0.71,0.055,0.053,0.525,0.504,0.43,0.419,0.675,0.668,0.173,0.149,0.741,0.726,0.049,0.049,0.527,0.512,0.421,0.48,0.658,0.684,0.154,0.153,0.707,0.699,0.052,0.056
35.0,0.846,0.863,0.541,0.442,1.043,1.045,0.365,0.342,1.069,1.032,0.051,0.056,0.787,0.794,0.509,0.495,0.976,0.972,0.276,0.258,0.991,0.974,0.053,0.052,0.719,0.733,0.49,0.469,0.927,0.933,0.247,0.239,0.949,0.932,0.056,0.05,0.65,0.655,0.435,0.449,0.831,0.829,0.174,0.173,0.833,0.826,0.054,0.049,0.613,0.626,0.433,0.406,0.762,0.753,0.182,0.176,0.79,0.78,0.051,0.05,0.577,0.538,0.431,0.422,0.702,0.706,0.154,0.15,0.735,0.707,0.055,0.053,0.523,0.505,0.425,0.417,0.673,0.672,0.174,0.148,0.756,0.73,0.049,0.049,0.524,0.509,0.411,0.471,0.658,0.684,0.152,0.152,0.715,0.696,0.052,0.056
35.5,0.844,0.864,0.544,0.445,1.044,1.043,0.365,0.341,1.069,1.031,0.051,0.056,0.784,0.789,0.497,0.491,0.977,0.971,0.275,0.259,0.992,0.971,0.053,0.052,0.721,0.732,0.514,0.469,0.929,0.931,0.251,0.24,0.947,0.934,0.056,0.05,0.649,0.651,0.439,0.445,0.829,0.822,0.175,0.173,0.832,0.825,0.055,0.049,0.606,0.619,0.435,0.411,0.76,0.754,0.182,0.176,0.786,0.769,0.051,0.05,0.58,0.543,0.434,0.426,0.701,0.703,0.154,0.152,0.735,0.715,0.055,0.053,0.524,0.512,0.418,0.414,0.677,0.675,0.174,0.148,0.748,0.733,0.049,0.049,0.524,0.504,0.41,0.449,0.656,0.686,0.151,0.151,0.705,0.698,0.052,0.056
36.0,0.84,0.856,0.544,0.449,1.041,1.042,0.366,0.342,1.075,1.03,0.051,0.056,0.783,0.789,0.488,0.489,0.974,0.97,0.276,0.259,0.993,0.968,0.053,0.052,0.721,0.728,0.518,0.461,0.933,0.93,0.249,0.24,0.948,0.931,0.056,0.05,0.647,0.651,0.439,0.437,0.831,0.819,0.174,0.171,0.833,0.825,0.054,0.049,0.613,0.628,0.43,0.413,0.762,0.758,0.182,0.175,0.785,0.773,0.051,0.05,0.577,0.547,0.449,0.426,0.7,0.705,0.154,0.152,0.736,0.715,0.055,0.052,0.527,0.516,0.408,0.413,0.669,0.662,0.174,0.15,0.739,0.724,0.049,0.049,0.522,0.5,0.411,0.438,0.658,0.686,0.151,0.149,0.706,0.695,0.052,0.056
36.5,0.837,0.857,0.542,0.449,1.041,1.043,0.367,0.342,1.075,1.028,0.051,0.056,0.779,0.784,0.491,0.49,0.974,0.971,0.277,0.259,0.994,0.966,0.053,0.053,0.718,0.73,0.524,0.465,0.932,0.931,0.248,0.24,0.95,0.932,0.056,0.05,0.651,0.652,0.437,0.429,0.832,0.819,0.175,0.17,0.837,0.831,0.054,0.049,0.618,0.627,0.432,0.417,0.762,0.762,0.181,0.175,0.784,0.772,0.051,0.05,0.588,0.55,0.456,0.416,0.702,0.705,0.153,0.152,0.737,0.714,0.055,0.052,0.525,0.518,0.4,0.409,0.669,0.657,0.175,0.149,0.733,0.713,0.049,0.049,0.524,0.498,0.413,0.432,0.658,0.689,0.151,0.149,0.709,0.691,0.052,0.056
37.0,0.836,0.858,0.544,0.451,1.041,1.04,0.368,0.342,1.073,1.027,0.051,0.056,0.777,0.793,0.494,0.496,0.972,0.967,0.277,0.259,0.992,0.968,0.053,0.052,0.717,0.732,0.524,0.464,0.932,0.928,0.248,0.241,0.947,0.932,0.056,0.05,0.645,0.65,0.442,0.428,0.833,0.818,0.174,0.172,0.836,0.837,0.054,0.049,0.612,0.634,0.431,0.418,0.762,0.761,0.182,0.176,0.785,0.771,0.051,0.05,0.573,0.549,0.455,0.411,0.701,0.706,0.154,0.152,0.735,0.715,0.055,0.052,0.534,0.522,0.394,0.405,0.67,0.658,0.174,0.151,0.733,0.712,0.049,0.049,0.519,0.499,0.41,0.424,0.653,0.678,0.153,0.15,0.706,0.693,0.052,0.056
37.5,0.834,0.857,0.544,0.452,1.043,1.04,0.369,0.342,1.071,1.024,0.051,0.056,0.772,0.792,0.496,0.505,0.971,0.971,0.278,0.259,0.991,0.967,0.053,0.052,0.712,0.737,0.517,0.466,0.933,0.932,0.248,0.24,0.947,0.928,0.056,0.05,0.651,0.653,0.447,0.425,0.831,0.824,0.174,0.172,0.833,0.832,0.055,0.049,0.615,0.627,0.427,0.417,0.762,0.759,0.182,0.176,0.786,0.774,0.051,0.05,0.572,0.54,0.454,0.407,0.703,0.706,0.154,0.152,0.736,0.713,0.055,0.052,0.534,0.506,0.394,0.402,0.668,0.664,0.174,0.149,0.729,0.712,0.049,0.049,0.518,0.496,0.407,0.422,0.657,0.676,0.152,0.152,0.701,0.704,0.052,0.056
38.0,0.833,0.857,0.545,0.453,1.044,1.04,0.37,0.343,1.069,1.024,0.051,0.056,0.771,0.788,0.497,0.518,0.974,0.969,0.278,0.259,0.987,0.963,0.053,0.052,0.715,0.737,0.509,0.464,0.929,0.929,0.248,0.24,0.945,0.93,0.056,0.05,0.648,0.65,0.451,0.42,0.829,0.823,0.174,0.172,0.834,0.832,0.055,0.049,0.618,0.627,0.426,0.424,0.762,0.76,0.182,0.176,0.79,0.775,0.051,0.05,0.576,0.55,0.446,0.401,0.702,0.707,0.153,0.152,0.735,0.716,0.055,0.053,0.534,0.519,0.394,0.4,0.673,0.664,0.174,0.147,0.729,0.711,0.049,0.049,0.517,0.494,0.406,0.418,0.654,0.675,0.152,0.148,0.705,0.694,0.052,0.056
38.5,0.828,0.854,0.545,0.457,1.044,1.037,0.373,0.343,1.067,1.023,0.051,0.056,0.768,0.783,0.51,0.537,0.972,0.971,0.279,0.26,0.985,0.963,0.053,0.052,0.717,0.731,0.504,0.468,0.93,0.926,0.25,0.24,0.948,0.934,0.056,0.05,0.649,0.651,0.455,0.422,0.831,0.824,0.176,0.171,0.834,0.832,0.055,0.049,0.616,0.628,0.423,0.435,0.767,0.758,0.183,0.175,0.791,0.776,0.051,0.05,0.572,0.55,0.439,0.395,0.705,0.71,0.153,0.152,0.739,0.722,0.055,0.052,0.539,0.499,0.395,0.398,0.675,0.662,0.173,0.149,0.731,0.719,0.049,0.049,0.515,0.493,0.408,0.417,0.659,0.675,0.152,0.149,0.703,0.69,0.052,0.056
39.0,0.827,0.85,0.545,0.457,1.04,1.035,0.374,0.343,1.065,1.021,0.051,0.056,0.768,0.786,0.528,0.544,0.97,0.971,0.281,0.26,0.987,0.963,0.053,0.052,0.715,0.732,0.505,0.471,0.927,0.927,0.251,0.241,0.949,0.933,0.056,0.05,0.646,0.652,0.452,0.424,0.831,0.824,0.178,0.171,0.837,0.831,0.054,0.049,0.612,0.623,0.422,0.443,0.765,0.762,0.182,0.175,0.789,0.778,0.051,0.05,0.573,0.546,0.434,0.392,0.704,0.705,0.154,0.152,0.737,0.717,0.056,0.052,0.529,0.514,0.398,0.401,0.67,0.66,0.173,0.148,0.731,0.716,0.049,0.049,0.515,0.491,0.405,0.408,0.65,0.675,0.151,0.148,0.704,0.689,0.052,0.056
39.5,0.825,0.844,0.545,0.458,1.041,1.037,0.376,0.344,1.064,1.02,0.051,0.056,0.768,0.779,0.542,0.542,0.967,0.967,0.281,0.26,0.988,0.959,0.053,0.052,0.714,0.734,0.505,0.472,0.925,0.928,0.251,0.241,0.95,0.928,0.056,0.05,0.646,0.658,0.455,0.426,0.83,0.825,0.177,0.172,0.835,0.832,0.055,0.049,0.613,0.622,0.424,0.451,0.764,0.766,0.183,0.176,0.79,0.782,0.051,0.05,0.576,0.547,0.43,0.391,0.702,0.706,0.154,0.152,0.74,0.717,0.056,0.052,0.524,0.497,0.405,0.402,0.68,0.659,0.174,0.148,0.729,0.714,0.049,0.049,0.525,0.491,0.407,0.4,0.661,0.681,0.151,0.148,0.701,0.704,0.052,0.056
40.0,0.823,0.842,0.545,0.461,1.039,1.037,0.377,0.344,1.061,1.018,0.051,0.056,0.765,0.785,0.537,0.533,0.965,0.966,0.283,0.261,0.987,0.956,0.053,0.052,0.711,0.733,0.504,0.473,0.924,0.927,0.252,0.24,0.952,0.928,0.056,0.05,0.644,0.656,0.457,0.424,0.83,0.828,0.178,0.171,0.837,0.829,0.054,0.049,0.614,0.623,0.423,0.452,0.763,0.765,0.184,0.176,0.789,0.778,0.051,0.05,0.567,0.556,0.424,0.386,0.706,0.713,0.154,0.152,0.737,0.717,0.056,0.052,0.518,0.51,0.418,0.403,0.675,0.66,0.174,0.148,0.731,0.714,0.049,0.049,0.514,0.488,0.407,0.392,0.658,0.68,0.152,0.15,0.699,0.691,0.052,0.056
40.5,0.822,0.842,0.543,0.463,1.039,1.035,0.378,0.344,1.059,1.015,0.051,0.056,0.762,0.784,0.536,0.527,0.963,0.964,0.285,0.26,0.984,0.956,0.053,0.052,0.712,0.731,0.5,0.483,0.924,0.926,0.253,0.24,0.953,0.928,0.056,0.05,0.641,0.657,0.456,0.425,0.831,0.827,0.177,0.171,0.834,0.829,0.054,0.049,0.612,0.625,0.422,0.451,0.765,0.765,0.185,0.177,0.788,0.777,0.051,0.05,0.569,0.545,0.418,0.383,0.706,0.709,0.154,0.152,0.739,0.716,0.055,0.052,0.521,0.495,0.435,0.404,0.674,0.662,0.174,0.148,0.733,0.725,0.049,0.049,0.52,0.489,0.405,0.397,0.666,0.686,0.152,0.147,0.705,0.694,0.052,0.056
41.0,0.821,0.838,0.544,0.467,1.039,1.033,0.379,0.344,1.058,1.014,0.051,0.056,0.757,0.784,0.534,0.52,0.962,0.963,0.286,0.26,0.982,0.956,0.053,0.052,0.716,0.725,0.494,0.483,0.923,0.928,0.254,0.241,0.949,0.929,0.056,0.05,0.64,0.657,0.458,0.434,0.831,0.829,0.177,0.173,0.835,0.828,0.055,0.049,0.61,0.627,0.421,0.451,0.765,0.765,0.185,0.176,0.787,0.776,0.051,0.05,0.567,0.549,0.416,0.383,0.706,0.71,0.154,0.151,0.738,0.718,0.056,0.052,0.51,0.505,0.45,0.405,0.676,0.66,0.173,0.148,0.735,0.721,0.049,0.049,0.52,0.492,0.401,0.412,0.665,0.679,0.152,0.149,0.711,0.703,0.052,0.056
41.5,0.82,0.836,0.544,0.47,1.04,1.034,0.38,0.344,1.056,1.014,0.051,0.056,0.756,0.783,0.531,0.512,0.962,0.961,0.287,0.26,0.979,0.957,0.053,0.052,0.716,0.726,0.492,0.485,0.921,0.929,0.255,0.242,0.947,0.927,0.056,0.05,0.642,0.657,0.459,0.443,0.829,0.828,0.179,0.172,0.833,0.827,0.055,0.049,0.608,0.624,0.423,0.45,0.763,0.763,0.185,0.176,0.786,0.777,0.051,0.05,0.573,0.547,0.414,0.386,0.707,0.71,0.154,0.15,0.737,0.723,0.056,0.053,0.519,0.502,0.454,0.406,0.678,0.662,0.176,0.147,0.729,0.721,0.049,0.049,0.5,0.493,0.396,0.425,0.666,0.678,0.153,0.149,0.713,0.705,0.052,0.056
42.0,0.816,0.834,0.547,0.473,1.04,1.031,0.381,0.344,1.054,1.011,0.051,0.056,0.754,0.775,0.526,0.51,0.961,0.959,0.289,0.26,0.977,0.957,0.053,0.052,0.712,0.726,0.493,0.482,0.924,0.932,0.257,0.242,0.946,0.926,0.056,0.05,0.642,0.656,0.462,0.451,0.83,0.827,0.18,0.171,0.832,0.83,0.054,0.049,0.609,0.627,0.43,0.449,0.763,0.763,0.186,0.176,0.787,0.776,0.051,0.05,0.567,0.549,0.414,0.391,0.707,0.711,0.155,0.15,0.741,0.72,0.056,0.053,0.526,0.499,0.45,0.411,0.679,0.666,0.175,0.147,0.733,0.726,0.049,0.049,0.513,0.498,0.396,0.429,0.669,0.685,0.153,0.149,0.714,0.7,0.052,0.056
42.5,0.815,0.833,0.547,0.476,1.041,1.03,0.382,0.344,1.053,1.009,0.051,0.056,0.754,0.779,0.522,0.506,0.963,0.96,0.29,0.26,0.978,0.952,0.053,0.052,0.706,0.728,0.495,0.478,0.927,0.929,0.257,0.241,0.947,0.925,0.056,0.05,0.647,0.655,0.465,0.466,0.831,0.828,0.179,0.171,0.832,0.831,0.055,0.049,0.61,0.623,0.44,0.448,0.764,0.764,0.187,0.176,0.786,0.775,0.051,0.05,0.568,0.549,0.414,0.397,0.708,0.711,0.155,0.149,0.742,0.714,0.056,0.053,0.522,0.501,0.444,0.414,0.678,0.667,0.176,0.147,0.733,0.72,0.049,0.05,0.504,0.499,0.399,0.426,0.669,0.689,0.153,0.149,0.718,0.701,0.052,0.056
43.0,0.814,0.834,0.547,0.479,1.039,1.028,0.382,0.344,1.051,1.008,0.051,0.056,0.752,0.776,0.519,0.504,0.964,0.963,0.291,0.26,0.978,0.949,0.053,0.052,0.712,0.722,0.498,0.474,0.928,0.928,0.257,0.242,0.943,0.923,0.056,0.05,0.646,0.652,0.47,0.475,0.831,0.829,0.18,0.171,0.832,0.828,0.054,0.049,0.609,0.624,0.445,0.448,0.765,0.764,0.188,0.176,0.786,0.776,0.051,0.05,0.571,0.543,0.414,0.401,0.71,0.713,0.155,0.149,0.746,0.718,0.056,0.052,0.517,0.502,0.438,0.416,0.677,0.671,0.177,0.147,0.735,0.717,0.049,0.049,0.519,0.502,0.403,0.427,0.667,0.687,0.153,0.149,0.713,0.701,0.052,0.056
43.5,0.813,0.83,0.548,0.481,1.038,1.028,0.382,0.344,1.05,1.007,0.051,0.056,0.744,0.772,0.514,0.502,0.963,0.963,0.292,0.26,0.978,0.949,0.053,0.052,0.715,0.721,0.499,0.47,0.926,0.924,0.259,0.241,0.941,0.92,0.056,0.05,0.645,0.652,0.475,0.479,0.832,0.829,0.181,0.171,0.832,0.824,0.055,0.049,0.611,0.624,0.455,0.451,0.766,0.765,0.189,0.176,0.786,0.775,0.051,0.05,0.57,0.546,0.416,0.407,0.708,0.714,0.156,0.149,0.743,0.722,0.056,0.052,0.516,0.504,0.433,0.416,0.675,0.666,0.177,0.147,0.736,0.719,0.049,0.049,0.503,0.496,0.416,0.429,0.666,0.687,0.153,0.148,0.716,0.7,0.052,0.056
44.0,0.814,0.83,0.548,0.484,1.036,1.025,0.382,0.344,1.048,1.006,0.051,0.056,0.745,0.775,0.514,0.499,0.96,0.964,0.292,0.26,0.98,0.949,0.053,0.052,0.714,0.723,0.5,0.468,0.925,0.923,0.26,0.241,0.942,0.922,0.056,0.05,0.645,0.653,0.479,0.478,0.833,0.825,0.182,0.171,0.829,0.826,0.055,0.049,0.609,0.626,0.462,0.455,0.767,0.765,0.191,0.176,0.787,0.774,0.051,0.05,0.568,0.555,0.416,0.422,0.709,0.714,0.157,0.149,0.741,0.722,0.056,0.053,0.518,0.5,0.426,0.417,0.675,0.669,0.178,0.148,0.734,0.721,0.049,0.049,0.497,0.497,0.424,0.431,0.665,0.691,0.152,0.148,0.711,0.705,0.052,0.056
44.5,0.813,0.829,0.548,0.485,1.034,1.026,0.383,0.344,1.047,1.005,0.051,0.056,0.742,0.773,0.513,0.497,0.959,0.96,0.293,0.259,0.979,0.945,0.053,0.052,0.712,0.719,0.501,0.466,0.924,0.924,0.259,0.241,0.942,0.924,0.056,0.05,0.643,0.656,0.484,0.479,0.832,0.827,0.183,0.171,0.83,0.825,0.055,0.049,0.609,0.623,0.471,0.461,0.766,0.765,0.192,0.175,0.783,0.776,0.051,0.05,0.57,0.547,0.417,0.434,0.707,0.713,0.158,0.148,0.741,0.722,0.056,0.052,0.517,0.497,0.421,0.417,0.679,0.672,0.178,0.147,0.733,0.725,0.049,0.049,0.498,0.478,0.437,0.427,0.671,0.69,0.153,0.148,0.712,0.703,0.052,0.056
45.0,0.812,0.829,0.548,0.487,1.034,1.024,0.383,0.344,1.046,1.003,0.051,0.056,0.742,0.771,0.514,0.497,0.959,0.957,0.294,0.26,0.979,0.942,0.053,0.052,0.709,0.721,0.504,0.465,0.923,0.921,0.26,0.24,0.942,0.926,0.056,0.05,0.645,0.652,0.489,0.484,0.833,0.825,0.184,0.171,0.829,0.825,0.054,0.049,0.607,0.624,0.477,0.467,0.767,0.765,0.193,0.175,0.784,0.775,0.051,0.05,0.567,0.547,0.418,0.445,0.708,0.715,0.159,0.148,0.744,0.722,0.056,0.052,0.522,0.498,0.413,0.418,0.679,0.668,0.179,0.146,0.735,0.725,0.049,0.049,0.494,0.496,0.447,0.423,0.67,0.686,0.153,0.148,0.709,0.702,0.052,0.056
45.5,0.811,0.826,0.55,0.487,1.033,1.022,0.383,0.344,1.046,1.002,0.051,0.056,0.742,0.772,0.514,0.496,0.958,0.957,0.294,0.26,0.974,0.942,0.053,0.052,0.706,0.724,0.505,0.463,0.922,0.918,0.261,0.24,0.943,0.926,0.056,0.05,0.643,0.648,0.496,0.491,0.831,0.824,0.185,0.172,0.832,0.823,0.055,0.049,0.605,0.622,0.482,0.472,0.764,0.764,0.194,0.175,0.783,0.775,0.051,0.05,0.57,0.543,0.42,0.452,0.707,0.714,0.16,0.148,0.744,0.723,0.056,0.052,0.519,0.5,0.41,0.417,0.679,0.667,0.18,0.147,0.736,0.721,0.049,0.049,0.504,0.497,0.452,0.423,0.669,0.692,0.154,0.148,0.711,0.706,0.052,0.056
46.0,0.811,0.829,0.549,0.487,1.031,1.021,0.383,0.344,1.044,1.001,0.051,0.056,0.741,0.77,0.515,0.496,0.957,0.956,0.295,0.26,0.974,0.939,0.053,0.052,0.703,0.721,0.511,0.463,0.924,0.92,0.262,0.24,0.943,0.925,0.056,0.05,0.642,0.65,0.506,0.499,0.828,0.824,0.186,0.173,0.834,0.823,0.054,0.049,0.604,0.627,0.484,0.481,0.766,0.765,0.194,0.174,0.782,0.775,0.051,0.05,0.57,0.548,0.422,0.456,0.707,0.716,0.16,0.148,0.743,0.724,0.057,0.052,0.52,0.503,0.41,0.417,0.679,0.67,0.181,0.147,0.734,0.721,0.049,0.049,0.495,0.491,0.457,0.421,0.673,0.689,0.155,0.148,0.715,0.706,0.052,0.056
46.5,0.808,0.829,0.549,0.487,1.03,1.022,0.383,0.344,1.044,0.999,0.051,0.056,0.738,0.766,0.515,0.496,0.956,0.955,0.295,0.259,0.972,0.939,0.053,0.051,0.701,0.715,0.523,0.464,0.925,0.919,0.262,0.24,0.942,0.924,0.056,0.05,0.64,0.645,0.515,0.506,0.83,0.821,0.186,0.172,0.83,0.823,0.054,0.049,0.603,0.626,0.484,0.489,0.764,0.763,0.194,0.174,0.784,0.778,0.051,0.05,0.573,0.551,0.424,0.457,0.707,0.713,0.161,0.148,0.745,0.723,0.057,0.052,0.519,0.5,0.407,0.417,0.68,0.667,0.182,0.147,0.736,0.72,0.049,0.049,0.498,0.479,0.456,0.419,0.67,0.689,0.156,0.148,0.716,0.704,0.052,0.056
47.0,0.809,0.829,0.55,0.486,1.028,1.019,0.383,0.344,1.042,0.999,0.051,0.056,0.736,0.774,0.517,0.497,0.954,0.953,0.295,0.259,0.971,0.936,0.053,0.052,0.7,0.717,0.533,0.464,0.922,0.918,0.263,0.24,0.941,0.922,0.056,0.05,0.634,0.646,0.523,0.514,0.832,0.819,0.187,0.173,0.83,0.822,0.054,0.049,0.602,0.627,0.482,0.493,0.764,0.762,0.194,0.175,0.783,0.776,0.051,0.05,0.566,0.558,0.429,0.455,0.707,0.714,0.162,0.148,0.744,0.721,0.057,0.052,0.521,0.501,0.406,0.414,0.679,0.668,0.182,0.147,0.735,0.726,0.049,0.049,0.496,0.481,0.456,0.417,0.67,0.692,0.158,0.147,0.715,0.709,0.052,0.056
47.5,0.811,0.828,0.551,0.484,1.027,1.02,0.384,0.344,1.04,0.998,0.051,0.056,0.733,0.777,0.52,0.496,0.952,0.95,0.295,0.259,0.967,0.935,0.053,0.052,0.701,0.713,0.536,0.464,0.919,0.917,0.263,0.24,0.939,0.922,0.056,0.05,0.63,0.64,0.529,0.521,0.832,0.819,0.187,0.173,0.829,0.822,0.054,0.049,0.601,0.626,0.479,0.485,0.764,0.762,0.195,0.175,0.783,0.778,0.051,0.05,0.567,0.552,0.428,0.451,0.708,0.715,0.162,0.148,0.745,0.722,0.057,0.052,0.521,0.499,0.403,0.413,0.679,0.669,0.182,0.147,0.739,0.725,0.049,0.049,0.496,0.48,0.457,0.415,0.671,0.692,0.158,0.147,0.712,0.708,0.052,0.056
48.0,0.812,0.83,0.552,0.482,1.025,1.018,0.384,0.343,1.039,0.996,0.051,0.056,0.73,0.773,0.519,0.496,0.951,0.949,0.297,0.259,0.968,0.936,0.053,0.052,0.699,0.718,0.533,0.466,0.918,0.917,0.264,0.24,0.939,0.923,0.056,0.05,0.634,0.643,0.535,0.525,0.834,0.819,0.188,0.172,0.83,0.822,0.055,0.049,0.601,0.622,0.476,0.475,0.765,0.763,0.196,0.174,0.781,0.776,0.051,0.05,0.568,0.556,0.434,0.448,0.707,0.715,0.163,0.148,0.743,0.721,0.057,0.052,0.525,0.497,0.404,0.415,0.677,0.67,0.183,0.147,0.738,0.721,0.049,0.049,0.498,0.485,0.46,0.414,0.674,0.69,0.16,0.147,0.714,0.707,0.052,0.056
